<?xml version="1.0" encoding="UTF-8"?><SLA Version="1.0"><TxList><Tx>Cancel_Transaction</Tx><Tx>UC01_TR04_Payment Details</Tx><Tx>Check_Transaction</Tx><Tx>UC01_TR05_Invoice</Tx><Tx>vuser_end_Transaction</Tx><Tx>UC01_TR02_Check</Tx><Tx>UC01_TR03_Cancel</Tx><Tx>UC01_TR06_Logout</Tx><Tx>vuser_init_Transaction</Tx><Tx>Search_Transaction</Tx><Tx>UC01_TR02_Flights</Tx><Tx>UC01_TR03_Select Flight</Tx><Tx>UC01_TR04_Logout</Tx><Tx>Action_Transaction</Tx><Tx>UC01_TR01_Login</Tx></TxList><SLARules><TrackingPeriodType>Default</TrackingPeriodType><TrackingPeriodValue></TrackingPeriodValue><TrackingPeriodTimeScale></TrackingPeriodTimeScale></SLARules></SLA>